program,university
Accounting (BA 3 year),Algoma University
Anishinaabemowin (BA 3 year),Algoma University
Anishinaabe Studies (BA 3 year),Algoma University
Biology (BSc 3 year),Algoma University
Biology (BSc 4 year),Algoma University
Business Administration (BBA 4 year),Algoma University
Business Administration (Brampton) (BBA 4 year),Algoma University
Community Development (BA 3 year),Algoma University
Community Economic and Social Development (BA 4 year),Algoma University
Community Economic & Social Development (BA 3 year),Algoma University
Computer Science (BCOSC 3 year),Algoma University
Computer Science (BCOSC 4 year),Algoma University
Computer Science (BSc 3 year),Algoma University
Computer Science (BSc 4 year),Algoma University
Economics (BA 3 year),Algoma University
Engineering – First Year Chemical (BENG),Algoma University
Engineering – First Year Mechanical (BENG),Algoma University
Engineering – First Year Mining (BENG),Algoma University
English (BA 3 year),Algoma University
English (BA 4 year),Algoma University
Finance and Economics (BA 4 year),Algoma University
Finance and Economics (Brampton) (BA 4 year),Algoma University
Fine Arts (Visual Arts) (BFA 4 year),Algoma University
Geography (BA 3 year),Algoma University
Geography (BA 4 year),Algoma University
History (BA 3 year),Algoma University
History (BA 4 year),Algoma University
Law and Justice (BA 3 year),Algoma University
Law and Justice (BA 4 year),Algoma University
Music (BA 3 year),Algoma University
Political Science (BA 3 year),Algoma University
Political Science (BA 4 year),Algoma University
Psychology (BA 3 year),Algoma University
Psychology (BA 4 year),Algoma University
Psychology (BSc 4 year),Algoma University
Social Work (BSW 4 year),Algoma University
Sociology (BA 3 year),Algoma University
Sociology (BA 4 year),Algoma University
Visual Arts (BA 3 year),Algoma University
Accounting,Brock University
Applied Economic Analysis,Brock University
Applied Linguistics,Brock University
Biochemistry,Brock University
Biological Sciences,Brock University
Biomedical Sciences,Brock University
Biophysics,Brock University
Biotechnology,Brock University
Business Administration,Brock University
Business Administration Co-op International Dual Degree,Brock University
Business Communication,Brock University
Business Economics,Brock University
Chemistry,Brock University
Child and Youth Studies,Brock University
Child Health,Brock University
Community Health,Brock University
Computer Science,Brock University
Computer Science and Mathematics Co-op only,Brock University
Computing and Business,Brock University
Computing and Network Communications Co-op,Brock University
Computing and Solid State Device Technology,Brock University
Concurrent BA Child and Youth Studies Honours/BEd – Primary/Junior,Brock University
Concurrent BA Honours/BEd – Intermediate/Senior,Brock University
Concurrent BA Integrated Studies Honours/BEd - Junior/Intermediate,Brock University
Concurrent BPhEd Honours/BEd – Intermediate/Senior,Brock University
Concurrent BPhEd Honours/BEd - Junior/Intermediate,Brock University
Concurrent BSc Honours/BEd – Intermediate/Senior,Brock University
Concurrent BSc Integrated Studies/BEd - Junior/Intermediate,Brock University
Dramatic Arts,Brock University
Earth Sciences,Brock University
Economics,Brock University
Environmental Geosciences,Brock University
Film Studies,Brock University
Game Design,Brock University
Game Programming,Brock University
Geography (BA),Brock University
Geography (BSc),Brock University
History,Brock University
Humanities – Faculty of Humanities,Brock University
Interactive Arts and Science,Brock University
International Political Economy,Brock University
Kinesiology (BKin),Brock University
Kinesiology (BScKin),Brock University
Labour Studies,Brock University
Mathematics and Statistics,Brock University
Media and Communication Studies,Brock University
Medical Sciences,Brock University
Music,Brock University
Neuroscience,Brock University
Nursing,Brock University
Oenology and Viticulture,Brock University
Physical Education,Brock University
Physics,Brock University
Political Science,Brock University
Popular Culture,Brock University
Psychology,Brock University
Public Health,Brock University
Recreation and Leisure Studies,Brock University
Sciences,Brock University
Social Sciences,Brock University
Sociology,Brock University
Sport Management,Brock University
Tourism Studies,Brock University
Visual Arts,Brock University
Women's and Gender Studies,Brock University
Architectural Studies (regular and co-op) – Conservation and Sustainability,Carleton University
Architectural Studies (regular and co-op) – Design,Carleton University
Architectural Studies (regular and co-op) – Urbanism,Carleton University
BA – General (3 years),Carleton University
BA – Honours (4 years) (co-op available with some concentrations),Carleton University
Certificate in Carillon Studies,Carleton University
Cognitive Science – General,Carleton University
Cognitive Science – Honours (regular and co-op),Carleton University
Commerce – Accounting (regular and co-op),Carleton University
Commerce – Entrepreneurship (regular and co-op),Carleton University
Commerce – Finance (regular and co-op),Carleton University
Commerce – Information Systems (regular and co-op),Carleton University
Commerce – International Business (regular and co-op),Carleton University
Commerce – Management (regular and co-op),Carleton University
Commerce – Marketing (regular and co-op),Carleton University
Commerce – Supply Chain Management (regular and co-op),Carleton University
Commerce (regular and co-op),Carleton University
Communication and Media Studies,Carleton University
Computer Science – Honours: Computer and Internet Security (regular and co-op),Carleton University
Computer Science – Honours (regular and co-op),Carleton University
Computer Science - Major,Carleton University
Economics,Carleton University
Engineering – Aerospace Engineering (co-op option available),Carleton University
Engineering – Architectural Conservation and Sustainability Engineering,Carleton University
Engineering – Biomedical and Electrical Engineering (regular and co-op),Carleton University
Engineering – Biomedical and Mechanical Engineering (regular and co-op),Carleton University
Engineering – Civil Engineering (regular and co-op),Carleton University
Engineering – Communications Engineering (regular and co-op),Carleton University
Engineering – Computer Systems Engineering (regular and co-op),Carleton University
Engineering – Electrical Engineering (regular and co-op),Carleton University
Engineering – Engineering Physics (regular and co-op),Carleton University
Engineering – Environmental Engineering (regular and co-op),Carleton University
Engineering – Mechanical Engineering (regular and co-op),Carleton University
Engineering – Software Engineering (regular and co-op),Carleton University
Engineering – Sustainable and Renewable Energy (regular and co-op),Carleton University
Global and International Studies,Carleton University
Health Sciences – Honours (4 years),Carleton University
Humanities – Option A,Carleton University
Humanities with Biology – Option B,Carleton University
Industrial Design (regular and co-op),Carleton University
Information Technology – Information Resource Management (regular and co-op) (program offered jointly with Algonquin College),Carleton University
Information Technology – Interactive Multimedia and Design (regular and co-op) (program offered jointly with Algonquin College),Carleton University
Information Technology – Network Technology (regular and co-op) (program offered jointly with Algonquin College),Carleton University
Information Technology – Photonics and Laser Technology (regular and co-op) (program offered jointly with Algonquin College),Carleton University
International Business,Carleton University
Journalism,Carleton University
Journalism and Humanities,Carleton University
Mathematics – General (3 years),Carleton University
Mathematics – Honours (4 years) (regular and co-op),Carleton University
Media Production and Design,Carleton University
Music,Carleton University
Public Affairs and Policy Management – Communication & Policy Studies (regular and co-op),Carleton University
Public Affairs and Policy Management – Development Policy Studies (regular and co-op),Carleton University
Public Affairs and Policy Management – International Policy Studies (regular and co-op),Carleton University
Public Affairs and Policy Management – Public Policy & Administration (regular and co-op),Carleton University
Public Affairs and Policy Management – Undeclared (first year only) (regular and co-op),Carleton University
Science – General (3 years),Carleton University
Science – Honours (4 years) (regular and co-op),Carleton University
Science – Major (4 years),Carleton University
Social Work,Carleton University
Accounting,University of Guelph
Adult Development,University of Guelph
Agriculture,University of Guelph
Applied Human Nutrition,University of Guelph
Arts and Sciences,University of Guelph
Arts General,University of Guelph
Arts Honours,University of Guelph
Bachelor of Engineering – Undeclared (first-year only),University of Guelph
"Bachelor of Science, General (3 years)",University of Guelph
"Bachelor of Science, Honours (4 years)",University of Guelph
Bachelor of Science in Environmental Sciences,University of Guelph
Biological Engineering,University of Guelph
Biomedical Engineering,University of Guelph
Bio-Medical Science,University of Guelph
"Child, Youth and Family",University of Guelph
Commerce – Undeclared Major (first year only),University of Guelph
Computer Engineering,University of Guelph
Computer Science,University of Guelph
Criminal Justice and Public Policy,University of Guelph
Engineering Systems and Computing,University of Guelph
Environmental Engineering,University of Guelph
Environmental Management,University of Guelph
Equine Management,University of Guelph
Food and Agricultural Business,University of Guelph
Food Industry Management,University of Guelph
General Bachelor of Computing,University of Guelph
Hospitality and Tourism Management,University of Guelph
Human Kinetics,University of Guelph
Landscape Architecture,University of Guelph
Major to be Determined – Arts,University of Guelph
Management,University of Guelph
Management Economics and Finance,University of Guelph
Marketing Management,University of Guelph
Mechanical Engineering,University of Guelph
Public Management,University of Guelph
Real Estate and Housing,University of Guelph
Software Engineering,University of Guelph
Studio Art,University of Guelph
Turfgrass Management (Associate Diploma Program),University of Guelph
Water Resources Engineering,University of Guelph
Honours Bachelor of Applied Arts in Media Studies and Diploma in Media Communications,University of Guelph-Humber
Honours Bachelor of Applied Science in Early Childhood Studies and Diploma in Early Childhood Education,University of Guelph-Humber
Honours Bachelor of Applied Science in Family and Community Social Services and Social Service Worker Diploma,University of Guelph-Humber
Honours Bachelor of Applied Science in Justice Studies and Diploma in Police Foundations OR Community and Justice Services,University of Guelph-Humber
Honours Bachelor of Applied Science in Kinesiology and Diploma in Fitness and Health Promotion,University of Guelph-Humber
Honours Bachelor of Applied Science in Psychology and Diploma in General Arts and Science,University of Guelph-Humber
Honours Bachelor of Business Administration and Diploma in Business Administration,University of Guelph-Humber
Anthropology (Thunder Bay and Orillia),Lakehead University
"Applied Life Sciences (Thunder Bay, Orillia and Lakehead/Georgian)",Lakehead University
Arts One (Thunder Bay),Lakehead University
Bioinformatics (Thunder Bay),Lakehead University
"Biology (includes Animal Sciences, Environmental Science, and Neuroscience) (Thunder Bay)",Lakehead University
Business (co-op available) (Thunder Bay and Orillia),Lakehead University
Chemistry (includes Medical Sciences) (Thunder Bay),Lakehead University
Computer Science (co-op available) (Thunder Bay and Lakehead/Georgian),Lakehead University
Criminology (Orillia),Lakehead University
Earth Science (includes Environmental Science) (Thunder Bay),Lakehead University
Economics (Thunder Bay),Lakehead University
Education (Intermediate/Senior – Teach Grades 7 to 12) (Thunder Bay),Lakehead University
Education (Primary/Junior – Teach Kindergarten to Grades 6) (Thunder Bay and Orillia),Lakehead University
Engineering (co-op available) (Thunder Bay and Lakehead/Georgian),Lakehead University
English (Thunder Bay and Orillia),Lakehead University
Environmental Management (co-op available) (Thunder Bay),Lakehead University
Environmental Sustainability (co-op available) (Orillia),Lakehead University
Forestry (co-op available) (Thunder Bay),Lakehead University
French (Thunder Bay),Lakehead University
"General (Arts or Science) (Thunder Bay, Orillia & Online)",Lakehead University
Geoarchaeology (Thunder Bay),Lakehead University
Geography and the Environment (includes Environmental Science and Studies) (Thunder Bay and Orillia),Lakehead University
Geology (Thunder Bay),Lakehead University
Gerontology (Thunder Bay),Lakehead University
History (Thunder Bay and Orillia),Lakehead University
Indigenous Learning (Thunder Bay),Lakehead University
Interdisciplinary Studies (Orillia Campus only),Lakehead University
Kinesiology (co-op available) (Thunder Bay),Lakehead University
Mathematics (Thunder Bay),Lakehead University
Media Studies (Orillia Campus only),Lakehead University
Music (Thunder Bay),Lakehead University
Native Access Program (Thunder Bay),Lakehead University
Native Nursing Entry Program (Thunder Bay),Lakehead University
Natural Science (3-Year) (Thunder Bay),Lakehead University
Nursing (Thunder Bay),Lakehead University
Outdoor Recreation Parks & Tourism (Thunder Bay),Lakehead University
Philosophy (Thunder Bay),Lakehead University
Physics (includes Medical Science) (co-op available) (Thunder Bay),Lakehead University
Political Science/Pre-Law (Thunder Bay and Orillia),Lakehead University
Psychology (Thunder Bay),Lakehead University
Science One (Thunder Bay),Lakehead University
Social Work (Thunder Bay and Orillia),Lakehead University
Sociology (Thunder Bay and Orillia),Lakehead University
Visual Arts (Thunder Bay),Lakehead University
Water Resource Science (Thunder Bay),Lakehead University
Women's Studies (Thunder Bay),Lakehead University
Actuarial Sciences (4 years),Laurentian University
Ancient Studies (4 years),Laurentian University
Anthropology (4 years),Laurentian University
Archaeology (4 years),Laurentian University
Architectural Studies (4 years),Laurentian University
Arts (3 years),Laurentian University
Behavioural Neuroscience (4 years),Laurentian University
Biochemistry (4 years),Laurentian University
Biology - Biomedical Biology (4 years),Laurentian University
Biology - Ecology (4 years),Laurentian University
Biology - Restoration Biology (4 years),Laurentian University
Biology - Zoology (4 years),Laurentian University
Biomedical Physics (4 years),Laurentian University
Business Administration – Accounting,Laurentian University
Business Administration – Entrepreneurship,Laurentian University
Business Administration – Finance,Laurentian University
Business Administration – Human Resources Management,Laurentian University
Business Administration – International Management,Laurentian University
Business Administration – Marketing,Laurentian University
Business Administration – Operations Management,Laurentian University
Chemistry (4 years),Laurentian University
Classical Studies (4 years),Laurentian University
Commerce and Administration (4 years),Laurentian University
Communication Studies (4 years),Laurentian University
Computer Science (4 years),Laurentian University
Concurrent Education - Arts (Junior/Intermediate) - 5-year double degree,Laurentian University
Concurrent Education - Arts (Primary/Junior) - 5-year double degree,Laurentian University
Concurrent Education - Music (Junior/Intermediate) - 5-year double degree,Laurentian University
Concurrent Education - Music (Primary/Junior) - 5-year double degree,Laurentian University
Concurrent Education - Science (Junior/Intermediate) - 5-year double degree,Laurentian University
Concurrent Education - Science (Primary Junior) - 5-year double degree,Laurentian University
Concurrent Education with Health Promotion (Junior/Intermediate) - 5-year double degree,Laurentian University
Concurrent Education with Health Promotion (Primary/Junior) - 5-year double degree,Laurentian University
Concurrent Education with Outdoor Adventure Leadership (Junior/Intermediate) - 5-year double degree,Laurentian University
Concurrent Education with Outdoor Adventure Leadership (Primary/Junior) - 5-year double degree,Laurentian University
Concurrent Education with Sport and Physical Education (Junior/Intermediate) - 5-year double degree,Laurentian University
Concurrent Education with Sport and Physical Education (Primary/Junior) - 5-year double degree,Laurentian University
Concurrent Education with Sport Psychology (Junior/Intermediate) - 5-year double degree,Laurentian University
Concurrent Education with Sport Psychology (Primary/Junior) - 5-year double degree,Laurentian University
Criminology (4 years),Laurentian University
Earth Sciences (4 years),Laurentian University
Economics (4 years),Laurentian University
Engineering – General (year 1 & 2 only),Laurentian University
Engineering - Chemical (4 years),Laurentian University
Engineering - Mechanical (4 years),Laurentian University
Engineering - Mining (4 years),Laurentian University
English Literature (4 years),Laurentian University
English Rhetoric and Media Studies (4 years),Laurentian University
Environmental Science (4 years),Laurentian University
Environmental Studies (4 years),Laurentian University
Fine Arts - Motion Picture Arts (4 years),Laurentian University
Fine Arts - Music (4 years),Laurentian University
Fine Arts - Theatre Performance (4 years),Laurentian University
Forensic Science (4 years),Laurentian University
French as a Second Language (4 years),Laurentian University
Génie chimique,Laurentian University
Génie minier,Laurentian University
Geography (4 years),Laurentian University
Gerontology (4 years),Laurentian University
History (4 years),Laurentian University
Human Kinetics – Health Promotion (4 years),Laurentian University
Human Kinetics – Kinesiology,Laurentian University
Indigenous Social Work (4 years),Laurentian University
Indigenous Studies (4 years),Laurentian University
Labour Studies (4 years),Laurentian University
Law and Justice (4 years),Laurentian University
Liberal Science (4 years),Laurentian University
Mathematics (4 years),Laurentian University
Mathematics (4 years),Laurentian University
Mechanical Engineering,Laurentian University
Midwifery,Laurentian University
Modern Languages - Spanish (4 years),Laurentian University
Music (4 years),Laurentian University
Nursing (4 years),Laurentian University
Outdoor Adventure Leadership,Laurentian University
Philosophy (4 years),Laurentian University
Physics (4 years),Laurentian University
Political Science (4 years),Laurentian University
Psychology BA (4 years),Laurentian University
Psychology BSc (4 years),Laurentian University
Radiation Therapy (4 years),Laurentian University
Religious Studies (4 years),Laurentian University
Science (3 years),Laurentian University
Social Work,Laurentian University
Sociology (4 years),Laurentian University
Sport and Physical Education,Laurentian University
Sport Psychology (4 years),Laurentian University
Sports Administration (4 years),Laurentian University
Theatre Arts (4 years),Laurentian University
Arts and Science I,McMaster University
Automation Engineering Technology I (Bachelor of Technology),McMaster University
Automotive & Vehicle Engineering Technology I (Bachelor of Technology),McMaster University
Biotechnology I (Bachelor of Technology),McMaster University
Business I,McMaster University
Chemical & Physical Sciences I,McMaster University
Computer Science Co-op I,McMaster University
Computer Science I,McMaster University
Economics I,McMaster University
Engineering Co-op I,McMaster University
Engineering I,McMaster University
Environmental and Earth Sciences I,McMaster University
Health Sciences I,McMaster University
Health & Society I,McMaster University
Honours Integrated Science I,McMaster University
Humanities I,McMaster University
Integrated Biomedical Engineering & Health Sciences,McMaster University
Integrated Biomedical Engineering & Health Sciences,McMaster University
Integrated Business & Humanities,McMaster University
Kinesiology I,McMaster University
Life Sciences I,McMaster University
Mathematics and Statistics I,McMaster University
Medical Radiation Sciences I,McMaster University
Midwifery I,McMaster University
Music I,McMaster University
Nursing I (at McMaster),McMaster University
Social Sciences I,McMaster University
Studio Art I,McMaster University
Bachelor of Arts,Nipissing University
Bachelor of Arts/Bachelor of Commerce,Nipissing University
Bachelor of Arts in Criminal Justice,Nipissing University
Bachelor of Arts in Social Welfare and Social Development/Social Service Worker diploma (joint program with Canadore College),Nipissing University
Bachelor of Business Administration,Nipissing University
Bachelor of Fine Arts,Nipissing University
Bachelor of Physical and Health Education,Nipissing University
Bachelor of Science,Nipissing University
Bachelor of Science/Bachelor of Commerce,Nipissing University
Bachelor of Science in Nursing (Collaborative Program with Canadore College),Nipissing University
Bachelor of Social Work,Nipissing University
Concurrent Bachelor of Arts/Bachelor of Education Intermediate/Senior,Nipissing University
Concurrent Bachelor of Arts/Bachelor of Education Junior/Intermediate,Nipissing University
Concurrent Bachelor of Arts/Bachelor of Education Primary/Junior,Nipissing University
Concurrent Bachelor of Arts Criminal Justice/Bachelor of Education Intermediate/Senior,Nipissing University
Concurrent Bachelor of Arts Criminal Justice/Bachelor of Education Junior/Intermediate,Nipissing University
Concurrent Bachelor of Arts Criminal Justice/Bachelor of Education Primary/Junior,Nipissing University
Concurrent Bachelor of Business Administration/Bachelor of Education Intermediate/Senior,Nipissing University
Concurrent Bachelor of Business Administration/Bachelor of Education Junior/Intermediate,Nipissing University
Concurrent Bachelor of Business Administration/Bachelor of Education Primary/Junior,Nipissing University
Concurrent Bachelor of Fine Arts/Bachelor of Education Intermediate/Senior,Nipissing University
Concurrent Bachelor of Fine Arts/Bachelor of Education Junior/Intermediate,Nipissing University
Concurrent Bachelor of Fine Arts/Bachelor of Education Primary/Junior,Nipissing University
Concurrent Bachelor of Physical and Health Education/Bachelor of Education Intermediate/Senior,Nipissing University
Concurrent Bachelor of Physical and Health Education/Bachelor of Education Junior/Intermediate,Nipissing University
Concurrent Bachelor of Physical and Health Education/Bachelor of Education Primary/Junior,Nipissing University
Concurrent Bachelor of Science/Bachelor of Education Intermediate/Senior,Nipissing University
Concurrent Bachelor of Science/Bachelor of Education Junior/Intermediate,Nipissing University
Concurrent Bachelor of Science/Bachelor of Education Primary/Junior,Nipissing University
Advertising,OCAD University
Creative Writing,OCAD University
Criticism & Curatorial Practice,OCAD University
Cross-Disciplinary Art,OCAD University
Digital Futures,OCAD University
Drawing & Painting,OCAD University
Environmental Design,OCAD University
Graphic Design,OCAD University
Illustration,OCAD University
Indigenous Visual Culture,OCAD University
Industrial Design,OCAD University
Integrated Media,OCAD University
Material Art & Design,OCAD University
Photography,OCAD University
Printmaking,OCAD University
Sculpture/Installation,OCAD University
Visual and Critical Studies (BA Honours),OCAD University
Applied and Industrial Mathematics,University of Ontario Institute of Technology
Automotive Engineering,University of Ontario Institute of Technology
Biological Science,University of Ontario Institute of Technology
Chemical Biology,University of Ontario Institute of Technology
Chemistry,University of Ontario Institute of Technology
Commerce,University of Ontario Institute of Technology
Communication and Digital Media Studies,University of Ontario Institute of Technology
Computer Science,University of Ontario Institute of Technology
Criminology and Justice,University of Ontario Institute of Technology
Data Science (BSc/BScM),University of Ontario Institute of Technology
Electrical Engineering,University of Ontario Institute of Technology
Entrepreneurship,University of Ontario Institute of Technology
Environmental Biology (BSc/BScM),University of Ontario Institute of Technology
Forensic Science,University of Ontario Institute of Technology
Game Development and Entrepreneurship,University of Ontario Institute of Technology
Health Physics and Radiation Science,University of Ontario Institute of Technology
Health Sciences,University of Ontario Institute of Technology
Kinesiology,University of Ontario Institute of Technology
Legal Studies,University of Ontario Institute of Technology
Liberal Studies,University of Ontario Institute of Technology
Life Sciences,University of Ontario Institute of Technology
Manufacturing Engineering,University of Ontario Institute of Technology
Marketing,University of Ontario Institute of Technology
Mechanical Engineering,University of Ontario Institute of Technology
Mechatronics Engineering,University of Ontario Institute of Technology
Medical Laboratory Science,University of Ontario Institute of Technology
Networking and Information Technology Security,University of Ontario Institute of Technology
Nuclear Engineering,University of Ontario Institute of Technology
Nursing,University of Ontario Institute of Technology
Pharmaceutical Chemistry,University of Ontario Institute of Technology
Physics,University of Ontario Institute of Technology
Political Science,University of Ontario Institute of Technology
Psychology – Forensic Psychology,University of Ontario Institute of Technology
Software Engineering,University of Ontario Institute of Technology
Sustainable Energy Systems,University of Ontario Institute of Technology
Technology Management,University of Ontario Institute of Technology
Aboriginal Studies (4-year major) (French immersion available),University of Ottawa
Accounting (4 years) (French immersion is available),University of Ottawa
Acting (3 years),University of Ottawa
Anthropology (4 years) (French immersion is available),University of Ottawa
Anthropology and Sociology (Joint Honours 4 years) (French immersion is available),University of Ottawa
Art History (4-year major) (French immersion available),University of Ottawa
Arts (3 years),University of Ottawa
Arts (4 years),University of Ottawa
Biochemistry (4 years) (French immersion is available),University of Ottawa
Biology (4 years) (French immersion is available),University of Ottawa
Biomedical Mechanical Engineering (4 years),University of Ottawa
Biomedical Mechanical Engineering and Computing Technology (5-year double degree),University of Ottawa
Biomedical Science (4 years),University of Ottawa
Biopharmaceutical Sciences (4 years) (French immersion is available),University of Ottawa
Biotechnology (Biochemistry and Chemical Engineering) (5-year double degree),University of Ottawa
Chemical Engineering (4 years),University of Ottawa
Chemical Engineering and Computing Technology (5-year double degree),University of Ottawa
Chemistry (4 years) (French immersion is available),University of Ottawa
Civil Engineering (4 years),University of Ottawa
Civil Engineering and Computing Technology (5-year double degree),University of Ottawa
Commerce – Finance (4 years) (French immersion is available),University of Ottawa
Commerce – Healthcare Analytics (4 years) (French immersion is available),University of Ottawa
Commerce – Human Resource Management (4 years) (French immersion is available),University of Ottawa
Commerce – International Management (4 years) (French immersion is available),University of Ottawa
Commerce – Management (4 years) (French immersion is available),University of Ottawa
Commerce – Management Information Systems & Analytics,University of Ottawa
Commerce – Marketing (4 years) (French immersion is available),University of Ottawa
Commerce et Juris Doctor (Double grade – 5 ans) (French immersion),University of Ottawa
Communication (4 years) (French immersion is available),University of Ottawa
Communication and Political Science (Joint Honours – 4 years) (French immersion is available),University of Ottawa
Communication and Political Science (Joint Honours – 4 years) (French immersion is available),University of Ottawa
Communication and Sociology (Joint Honours – 4 years) (French immersion is available),University of Ottawa
Communication and Sociology (Joint Honours – 4 years) (French immersion is available),University of Ottawa
Computer Engineering (4 years) (French immersion available),University of Ottawa
Computer Science (4-year major) (French immersion available),University of Ottawa
Computer Science (4 years) (French immersion available),University of Ottawa
Computer Science and Mathematics (Joint Honours – 4 years),University of Ottawa
Conflict Studies and Human Rights (4 years) (French immersion is available),University of Ottawa
Criminology (4 years) (French immersion is available),University of Ottawa
Criminology and Women’s Studies (Joint Honours – 4 years) (French immersion is available),University of Ottawa
Digital Journalism (Joint program with Algonquin College) (4.5 years),University of Ottawa
Economics (4 years) (French immersion is available),University of Ottawa
Economics and Political Science (Joint Honours – 4 years) (French immersion is available),University of Ottawa
Economics and Public Policy (4 years) (French immersion is available),University of Ottawa
Electrical Engineering (4 years),University of Ottawa
Electrical Engineering and Computing Technology (5-year double degree),University of Ottawa
English (4 years),University of Ottawa
Environmental Economics and Public Policy (4 years) (French immersion is available),University of Ottawa
Environmental Science (4 years) (French immersion is available),University of Ottawa
Environmental Studies (4 years) (Bilingual program),University of Ottawa
Environmental Studies (4 years) (English Program) (French immersion is available),University of Ottawa
Ethics ans Political Philosophy (4 years),University of Ottawa
Études de l'environnement (4 ans) (Programme bilingue),University of Ottawa
Financial Mathematics and Economics (4 years) (French immersion is available),University of Ottawa
French as a Second Language (4-year major),University of Ottawa
Geography (4 years) (French immersion is available),University of Ottawa
Geology (4 years) (French immersion is available),University of Ottawa
Geology-Physics (4 years) (French immersion is available),University of Ottawa
Greek and Roman Studies (4 years) (French immersion is available),University of Ottawa
Health Sciences (4 years) (French immersion is available),University of Ottawa
History (4 years) (French immersion is available),University of Ottawa
History and Political Science (Joint Honours – 4 years) (French immersion is available),University of Ottawa
History and Political Science (Joint Honours – 4 years) (French immersion is available),University of Ottawa
Human Kinetics – Bachelor of Science (BScHK) (4 years) with emphasis on biophysical sciences (French immersion available),University of Ottawa
Human Kinetics (BHK) (4 years) with emphasis on social sciences (French immersion available),University of Ottawa
International Development and Globalization (4 years) (French immersion is available),University of Ottawa
International Economics and Development (4 years) (French immersion is available),University of Ottawa
International Studies and Modern Languages (4 years) (French immersion is available),University of Ottawa
Linguistics (4 years),University of Ottawa
Mathematics (4 years) (French immersion is available),University of Ottawa
Mathematics and Economics (Joint – 4 years) (French immersion is available),University of Ottawa
Mathematics and Economics (Joint Honours - 4 years),University of Ottawa
Mechanical Engineering (4 years),University of Ottawa
Mechanical Engineering and Computing Technology (5-year double degree),University of Ottawa
Medieval Renaissance Studies (4-year major) (French immersion available),University of Ottawa
Music (4 years) (French immersion is available),University of Ottawa
Music and Biochemistry (5-year double degree),University of Ottawa
Music and Biology (5-year double degree),University of Ottawa
Music and Chemistry (5-year double degree),University of Ottawa
Music and Computer Science (5-year double degree),University of Ottawa
Music and Geology (5-year double degree),University of Ottawa
Music and Mathematics (5-year double degree),University of Ottawa
Music and Physics (5-year double degree),University of Ottawa
Music and Statistics (5-year double degree),University of Ottawa
Music (BMus) (4 years),University of Ottawa
Nursing (4 years) – Algonquin College (Pembroke Campus),University of Ottawa
Nursing (4 years) – Algonquin Woodroffe Campus,University of Ottawa
Nursing (4 years) – Ottawa Campus (French immersion is available),University of Ottawa
Ophthalmic Medical Technology (4 years),University of Ottawa
Philosophy (4 years) (French immersion is available),University of Ottawa
Philosophy and Political Science (Joint Honours – 4 years) (French immersion is available),University of Ottawa
Philosophy and Political Science (Joint Honours – 4 years) (French immersion is available),University of Ottawa
Physics (4 years) (French immersion is available),University of Ottawa
Physics and Electrical Engineering (Double degree – 5 years) (French immersion is available),University of Ottawa
Physics and Mathematics (Joint Honours – 4 years) (French immersion is available),University of Ottawa
Political Science (4 years) (French immersion is available),University of Ottawa
Psychology and Linguistics (Joint Honours – 4 years),University of Ottawa
Psychology (BA) (4 years) (French immersion is available),University of Ottawa
Psychology (BSc) (4 years) (French immersion is available),University of Ottawa
Public Administration (4 years) (French immersion is available),University of Ottawa
Public Administration and Political Science (Joint Honours – 4 years) (French immersion is available),University of Ottawa
Public Relations – Joint program with Algonquin College (4.5 years),University of Ottawa
Religious Studies (4 years) (French immersion is available),University of Ottawa
Second Language Teaching (ESL) (4 years) (French immersion is available),University of Ottawa
Second Language Teaching (FLS) (4 years) (French immersion is available),University of Ottawa
Service social (4 years) (French immersion is available),University of Ottawa
Social Sciences (3 years),University of Ottawa
Sociology (4 years) (French immersion is available),University of Ottawa
Software Engineering (4 years) (French immersion available),University of Ottawa
Statistics (4 years) (French immersion is available),University of Ottawa
Theatre (4 years) (French immersion is available),University of Ottawa
Translation (French-English) (4 years),University of Ottawa
Visual Arts (4-year major) (French immersion is available),University of Ottawa
Visual Arts (BFA) (4 years),University of Ottawa
Women’s Studies (4-year major) (French immersion is available),University of Ottawa
Women’s Studies and Political Science (Joint Honours – 4 years) (French immersion is available),University of Ottawa
Women’s Studies and Sociology (Joint Honours – 4 years) (French immersion is available),University of Ottawa
"Conflict Resolution (Certificate, Part-time only) (1 year)",University of Ottawa – Saint Paul University
Conflict Studies (Honours Bachelor of Arts) (4 years),University of Ottawa – Saint Paul University
Honours Bachelor of Arts with Major (4 years),University of Ottawa – Saint Paul University
Human Relations and Spirituality (Honours Bachelor of Arts) (4 years),University of Ottawa – Saint Paul University
"Private and Public Ethics (Certificate, Part-time only) (1 year)",University of Ottawa – Saint Paul University
Public Ethics (Honours Bachelor of Arts) (4 years),University of Ottawa – Saint Paul University
"Social communication (Certificate, Part-time only) (1 year)",University of Ottawa – Saint Paul University
Social Communication (Honours Bachelor of Arts) (4 years),University of Ottawa – Saint Paul University
"Social Innovation (Certificate, Part-time only) (1 year)",University of Ottawa – Saint Paul University
Social Innovation (Honours Bachelor of Arts) (4 years),University of Ottawa – Saint Paul University
"Theology (Certificate, Part-time only) (1 year)",University of Ottawa – Saint Paul University
Arts,Queen's University
"Arts – Bader International Study Centre, Herstmonceux Castle (first-year program in England)",Queen's University
Arts – English Language Bridging Pathway (QBridge),Queen's University
Commerce,Queen's University
Computing,Queen's University
Computing – English-Language Bridging Pathway (QBridge),Queen's University
Concurrent Education/Arts,Queen's University
"Concurrent Education/Arts – Bader International Study Centre, Herstmonceux Castle (first-year program in England)",Queen's University
Concurrent Education/Fine Art,Queen's University
Concurrent Education/Music,Queen's University
Concurrent Education/Science,Queen's University
Engineering and Applied Science,Queen's University
Engineering and Applied Science – Direct Entry to Electrical and Computer Engineering,Queen's University
Engineering and Applied Science – English-Language Bridging Pathway (QBridge),Queen's University
Fine Art (Visual Art),Queen's University
Health Sciences,Queen's University
Kinesiology,Queen's University
Music,Queen's University
Music Theatre,Queen's University
Nursing,Queen's University
Science,Queen's University
"Science – Bader International Study Centre, Herstmonceux Castle (first-year program in England)",Queen's University
Science – English Language Bridging Pathway (QBridge),Queen's University
Engineering,Royal Military College of Canada
Science,Royal Military College of Canada
Social Sciences and the Humanities,Royal Military College of Canada
Accounting & Finance,Ryerson University
Aerospace Engineering,Ryerson University
Architectural Science,Ryerson University
Arts and Contemporary Studies (Honours),Ryerson University
Biology (Honours),Ryerson University
Biomedical Engineering,Ryerson University
Biomedical Sciences (Honours),Ryerson University
Business Management,Ryerson University
Business Technology Management,Ryerson University
Business Technology Management (part-time),Ryerson University
Chemical Engineering (Co-op),Ryerson University
Chemistry (Honours),Ryerson University
Child and Youth Care,Ryerson University
Civil Engineering,Ryerson University
Computer Engineering,Ryerson University
Computer Science (Honours),Ryerson University
Computer Science (Honours) (part-time: first-year entry),Ryerson University
Creative Industries,Ryerson University
Criminology (Honours),Ryerson University
Early Childhood Studies,Ryerson University
Electrical Engineering,Ryerson University
"Engineering, Undeclared (first semester studies only)",Ryerson University
English (Honours),Ryerson University
Environment and Urban Sustainability (Honours),Ryerson University
Fashion Communication,Ryerson University
Fashion Design,Ryerson University
Financial Mathematics (Honours),Ryerson University
Geographic Analysis,Ryerson University
Graphic Communications Management,Ryerson University
History (Honours),Ryerson University
Hospitality and Tourism Management (Honours),Ryerson University
Image Arts: Film Studies,Ryerson University
Image Arts: Photography Studies,Ryerson University
Industrial Engineering,Ryerson University
Interior Design,Ryerson University
International Economics and Finance,Ryerson University
Journalism,Ryerson University
Language and Intercultural Relations (Honours),Ryerson University
Mathematics and its Applications,Ryerson University
Mechanical Engineering,Ryerson University
Medical Physics (Honours),Ryerson University
Midwifery (full-time),Ryerson University
Midwifery (part-time),Ryerson University
Nursing at Centennial College,Ryerson University
Nursing at George Brown College,Ryerson University
Nursing at Ryerson,Ryerson University
Nutrition and Food,Ryerson University
Occupational Health and Safety,Ryerson University
Performance: Acting,Ryerson University
Performance: Dance,Ryerson University
Performance: Production,Ryerson University
Philosophy (Honours),Ryerson University
Politics and Governance (Honours),Ryerson University
Professional Communication (Honours),Ryerson University
Psychology,Ryerson University
Public Administration and Governance (Honours) (part-time only),Ryerson University
Public Health,Ryerson University
Retail Management,Ryerson University
RTA School of Media: Media Production,Ryerson University
RTA School of Media: New Media,Ryerson University
RTA School of Media: Sport Media,Ryerson University
Ryerson ESL Foundation Program,Ryerson University
Social Work,Ryerson University
Sociology,Ryerson University
Undeclared Arts (first-year studies only),Ryerson University
Undeclared Science (first-year studies only),Ryerson University
Urban and Regional Planning,Ryerson University
Chemical and Physical Sciences,University of Toronto – Mississauga
"Commerce (including Accounting, Economics, Finance, Marketing)",University of Toronto – Mississauga
"Communication, Culture, Information & Technology (Some joint programs with Sheridan College and U of T's Faculty of Information)",University of Toronto – Mississauga
"Computer Science, Mathematics and Statistics",University of Toronto – Mississauga
Forensic Science,University of Toronto – Mississauga
Humanities,University of Toronto – Mississauga
Life Sciences,University of Toronto – Mississauga
Management,University of Toronto – Mississauga
Psychology,University of Toronto – Mississauga
Social Sciences,University of Toronto – Mississauga
Theatre and Drama (Joint program with Sheridan College),University of Toronto – Mississauga
Visual Studies,University of Toronto – Mississauga
"Computer Science, Mathematics & Statistics",University of Toronto – Scarborough
Co-op Arts: Social Sciences & Humanities,University of Toronto – Scarborough
"Co-op Computer Science, Mathematics & Statistics",University of Toronto – Scarborough
Co-op French,University of Toronto – Scarborough
Co-op International Development Studies (BA or BSc),University of Toronto – Scarborough
Co-op Life Sciences,University of Toronto – Scarborough
Co-op Management (including Economics),University of Toronto – Scarborough
Co-op Physical & Environmental Sciences,University of Toronto – Scarborough
Co-op Psychological & Health Sciences,University of Toronto – Scarborough
Double Degree: Co-op Management & Finance (BBA) and Statistics – Quantitative Finance (BSc),University of Toronto – Scarborough
Double Degree: Management & Finance (BBA) and Statistics – Quantitative Finance (BSc),University of Toronto – Scarborough
French,University of Toronto – Scarborough
Journalism (Joint Program with Centennial College),University of Toronto – Scarborough
Life Sciences,University of Toronto – Scarborough
Management (including Economics),University of Toronto – Scarborough
Management & International Business (Co-op only),University of Toronto – Scarborough
Paramedicine (Joint Program with Centennial College),University of Toronto – Scarborough
Physical & Environmental Sciences,University of Toronto – Scarborough
Psychological & Health Sciences,University of Toronto – Scarborough
Social Sciences & Humanities,University of Toronto – Scarborough
"Visual & Performing Arts, Arts Management and Media",University of Toronto – Scarborough
Architectural Studies,University of Toronto – St. George Campus
Chemical Engineering,University of Toronto – St. George Campus
Civil Engineering,University of Toronto – St. George Campus
Computer Engineering,University of Toronto – St. George Campus
Computer Science,University of Toronto – St. George Campus
Electrical Engineering,University of Toronto – St. George Campus
Engineering Science,University of Toronto – St. George Campus
Humanities,University of Toronto – St. George Campus
Industrial Engineering,University of Toronto – St. George Campus
International Foundation Program – Applied Science and Engineering,University of Toronto – St. George Campus
"International Foundation Program – Architecture, Landscape and Design",University of Toronto – St. George Campus
International Foundation Program – Arts and Science,University of Toronto – St. George Campus
International Foundation Program – Music,University of Toronto – St. George Campus
Kinesiology and Physical Education,University of Toronto – St. George Campus
Life Sciences (including Psychology),University of Toronto – St. George Campus
Materials Engineering,University of Toronto – St. George Campus
Mechanical Engineering,University of Toronto – St. George Campus
Mineral Engineering,University of Toronto – St. George Campus
Music,University of Toronto – St. George Campus
Music – Artist Diploma,University of Toronto – St. George Campus
Music Education,University of Toronto – St. George Campus
Music Performance,University of Toronto – St. George Campus
Physical and Mathematical Sciences,University of Toronto – St. George Campus
Rotman Commerce,University of Toronto – St. George Campus
Social Sciences,University of Toronto – St. George Campus
"TrackOne, Undeclared Engineering",University of Toronto – St. George Campus
Visual Studies,University of Toronto – St. George Campus
African Studies (International Development Studies BA) Specialization,Trent University
Ancient Greek and Roman Studies,Trent University
Ancient Greek and Roman Studies and Business,Trent University
Anthropology (BA),Trent University
Anthropology (BSc),Trent University
Archaeology (BA),Trent University
Archaeology (BSc),Trent University
Bachelor of Arts & Science,Trent University
Biochemistry and Molecular Biology,Trent University
Biology,Trent University
Biomedical Science,Trent University
Business Administration – Accounting,Trent University
Business Administration – Entrepreneurship,Trent University
Business Administration – Ethics & Sustainability,Trent University
Business Administration – Finance,Trent University
Business Administration – Human Resources Management,Trent University
Business Administration – Legal Studies Option,Trent University
Business Administration – Niigaaniiwin – The Art of Leading,Trent University
Business Administration (Honours),Trent University
Business Adminsitration – Economics,Trent University
Business Adminstration – Information Systems & E-Commerce,Trent University
Business Adminstration – Marketing & Consumer Culture,Trent University
Business and Arts,Trent University
Business and Science,Trent University
Canadian Studies,Trent University
Canadian Studies and Business,Trent University
Chemical Engineering: Trent/Swansea Dual Degree,Trent University
Chemical Physics,Trent University
Chemistry,Trent University
Circumpolar Studies Diploma,Trent University
Computing & Information Systems – Data Analytics,Trent University
Computing & Information Systems – Software Engineering,Trent University
Computing Systems – Co-op,Trent University
Computing Systems and Business,Trent University
Computing Systems and Economics,Trent University
Computing Systems and Media Studies,Trent University
Computing Systems and Physics,Trent University
Computing Systems (BSc),Trent University
Computing Systems - Computer Science,Trent University
Computing Systems & Forensics,Trent University
Conservation Biology,Trent University
Conservation Biology – Co-op,Trent University
Criminology & Socio-Legal Studies (Sociology BA) Specialization,Trent University
Cultural Studies,Trent University
Cultural Studies – Integrated Arts Specialization,Trent University
Cultural Studies and Business,Trent University
Culture & Theory (Cultural Studies BA) Specialization,Trent University
Economics and Business,Trent University
Economics (BA),Trent University
Economics (BSc),Trent University
English and Business,Trent University
English Literature,Trent University
Environmental and Resource Science (BSc),Trent University
Environmental and Resource Studies (BA),Trent University
Environmental Chemistry,Trent University
Environmental Geoscience,Trent University
Environmental Resource Science and Business,Trent University
Environmental Resource Studies and Business,Trent University
Environmental Science/Studies (Honours),Trent University
Film & Media (Cultural Studies BA) Specialization,Trent University
Forensic Biology,Trent University
Forensic Chemistry,Trent University
Forensics and Arts,Trent University
Forensics and Business,Trent University
Forensics and Science,Trent University
Forensics & Arts – Law & Policing Specialization,Trent University
Forensic Science,Trent University
Forensics & Science – Law & Policing Specialization,Trent University
Foundations of Indigenous Learning,Trent University
French and Business,Trent University
French Studies,Trent University
Gender and Women's Studies,Trent University
Gender and Women's Studies and Business,Trent University
Geography and Business,Trent University
Geography (BA),Trent University
Geography (BSc),Trent University
Greek & Latin (Ancient Greek & Roman Studies B.A.) Specialization,Trent University
Health Sciences (Biology BSc) Specialization,Trent University
Health Studies (Sociology BA) Specialization,Trent University
History,Trent University
History – Legal Studies Option,Trent University
History and Business,Trent University
Honours Arts,Trent University
"Honours Arts, Archaeology – Mediterranean Archaeology",Trent University
Honours Science,Trent University
Indigenous Bachelor of Education (BEd),Trent University
Indigenous Environmental Science (BSc),Trent University
Indigenous Environmental Studies (BA),Trent University
Indigenous Environmental Studies (Dipl.),Trent University
Indigenous Studies,Trent University
Indigenous Studies and Business,Trent University
Information Systems and Business,Trent University
Information Systems (BA),Trent University
Information Systems (BSc),Trent University
International Development – Legal Studies Option,Trent University
International Development and Business,Trent University
International Development Studies,Trent University
International Political Economy,Trent University
Journalism – (Joint Trent-Loyalist Program),Trent University
Journalism and Business (Joint Trent-Loyalist Program),Trent University
Journalism (Joint Trent-Loyalist program),Trent University
Kinesiology (Joint UOIT program) (Honours),Trent University
Latin American Studies (International Development Studies BA) Specialization,Trent University
Law (LL.B.) Business Administration (B.B.A.): Trent/Swansea Dual Degree,Trent University
Law (LL.B.) Canadian Studies (B.A.): Trent/Swansea Dual degree,Trent University
Law (LL.B.) Cultural Studies (B.A.): Trent/Swansea Dual Degree,Trent University
Law (LL.B.) Economics (B.A.): Trent/Swansea Dual Degree,Trent University
Law (LL.B.) English Literature (B.A.): Trent/Swansea Dual degree,Trent University
Law (LL.B.) Environmental & Resource Studies (B.A.): Trent/Swansea Dual Degree,Trent University
Law (LL.B.) Gender and Women’s Studies (B.A.): Trent/Swansea Dual degree,Trent University
Law (LL.B.) History (B.A.): Trent/Swansea Dual degree,Trent University
Law (LL.B.) Indigenous Studies (BA): Trent/Swansea Dual Degree,Trent University
Law (LL.B.) International Development Studies (B.A.): Trent/Swansea Dual degree,Trent University
Law (LL.B.) Media Studies (B.A.): Trent/Swansea Dual Degree,Trent University
Law (LL.B.) Philosophy (B.A.): Trent/Swansea Dual degree,Trent University
Law (LL.B.) Political Studies (B.A.): Trent/Swansea Dual degree,Trent University
Law (LL.B.) Sociology (B.A.): Trent/Swansea Dual degree,Trent University
Literature & Narrative (Cultural Studies BA) Specialization,Trent University
Mathematical Economics,Trent University
Mathematical Physics,Trent University
Mathematics,Trent University
Mathematics – Mathematical Finance,Trent University
Mathematics and Business,Trent University
Media Studies,Trent University
Media Studies and Business,Trent University
Media Studies & Sociology,Trent University
Medical Professional Stream,Trent University
Medical Professional Stream – Indigenous,Trent University
Nursing,Trent University
Philosophy,Trent University
Philosophy – Legal Studies Option,Trent University
Philosophy and Business,Trent University
Philosophy and Economics,Trent University
Physics,Trent University
Political Studies,Trent University
Political Studies – Legal Studies Option,Trent University
Political Studies and Business,Trent University
Political Studies and Forensics,Trent University
Political Studies – Public Policy,Trent University
Psychological Development (Psychology B.A.) Specialization,Trent University
Psychological Development (Psychology B.Sc.) Specialization,Trent University
Psychology – Legal Studies Option,Trent University
Psychology and Business,Trent University
Psychology and Economics,Trent University
Psychology and Forensics (Arts),Trent University
Psychology and Forensics (Science),Trent University
Psychology (BA),Trent University
Psychology (BSc),Trent University
Psychology (Science) and Business,Trent University
Quebec & Franco-Canadian Studies (French & Francophone Studies BA),Trent University
Social Work (Honours),Trent University
Sociology,Trent University
Sociology and Business,Trent University
Statistics (Mathematics B.Sc.) Specialization,Trent University
Sustainable Agriculture and Food Systems (BA),Trent University
Sustainable Agriculture and Food Systems (BSc),Trent University
Teacher Education Stream – Arts (Honours),Trent University
Teacher Education Stream – Science (Honours),Trent University
Trent ESL: English for University,Trent University
Water Sciences,Trent University
Anthropology – Legal Studies Option,Trent University Durham GTA
Anthropology (BA),Trent University Durham GTA
Anthropology (BSc),Trent University Durham GTA
Anthropology & Business Administration,Trent University Durham GTA
Anthropology & English Literature,Trent University Durham GTA
Anthropology & History,Trent University Durham GTA
Anthropology & Media Studies,Trent University Durham GTA
Anthropology & Psychology,Trent University Durham GTA
Anthropology & Sociology,Trent University Durham GTA
Arts and Business,Trent University Durham GTA
Bachelor of Arts & Science,Trent University Durham GTA
Bachelor of Business Administration,Trent University Durham GTA
Bachelor of Business Administration – Accounting,Trent University Durham GTA
Bachelor of Business Administration – Communications & Critical Thinking Option,Trent University Durham GTA
Bachelor of Business Administration – Human Resources Management,Trent University Durham GTA
Bachelor of Business Administration – Information Systems & E-Commerce,Trent University Durham GTA
Bachelor of Business Administration – Legal Studies Option,Trent University Durham GTA
Bachelor of Business Administration – Marketing & Consumer Culture,Trent University Durham GTA
Business Administration (BBA) – Entrepreneurship,Trent University Durham GTA
Business and Computing & Information Systems,Trent University Durham GTA
Child and Youth Studies,Trent University Durham GTA
Child and Youth Studies & Psychology,Trent University Durham GTA
Child & Youth Studies – Legal Studies Option,Trent University Durham GTA
Child & Youth Studies & Sociology,Trent University Durham GTA
Communications and Critical Thinking,Trent University Durham GTA
Computing Systems (BA),Trent University Durham GTA
Computing Systems (BSc),Trent University Durham GTA
English Literature,Trent University Durham GTA
English Literature – Legal Studies Option,Trent University Durham GTA
English Literature and Business,Trent University Durham GTA
English Literature & History,Trent University Durham GTA
English Literature & Media Studies,Trent University Durham GTA
English Literature & Psychology,Trent University Durham GTA
English Literature & Sociology,Trent University Durham GTA
Gender & Women's Studies,Trent University Durham GTA
History,Trent University Durham GTA
History and Business,Trent University Durham GTA
History & Media Studies,Trent University Durham GTA
History & Psychology,Trent University Durham GTA
History & Sociology,Trent University Durham GTA
Honours Arts,Trent University Durham GTA
Honours Science,Trent University Durham GTA
Information Systems & Business,Trent University Durham GTA
Information Systems & Media Studies,Trent University Durham GTA
Law (LL.B.) Business Administration (B.B.A.): Trent/Swansea Dual Degree,Trent University Durham GTA
Law (LL.B.) English Literature (B.A.): Trent/Swansea Dual degree,Trent University Durham GTA
Law (LL.B.) English Literature (B.A.): Trent/Swansea Dual degree,Trent University Durham GTA
Law (LL.B.) English Literature (B.A.): Trent/Swansea Dual Degree,Trent University Durham GTA
Law (LL.B.) History (B.A.): Trent/Swansea Dual degree,Trent University Durham GTA
Law (LL.B.) Media Studies (B.A.): Trent/Swansea Dual Degree,Trent University Durham GTA
Law (LL.B.) Philosophy (B.A.): Trent/Swansea Dual Degree,Trent University Durham GTA
Law (LL.B.) Sociology (B.A.): Trent/Swansea Dual Degree,Trent University Durham GTA
Media Studies,Trent University Durham GTA
Media Studies – Legal Studies Option,Trent University Durham GTA
Media Studies and Business,Trent University Durham GTA
Media Studies & Psychology,Trent University Durham GTA
Philosophy (Durham) General Degree,Trent University Durham GTA
Policing & Community Well-Being,Trent University Durham GTA
Psychological Development (Psychology B.A.) Specialization,Trent University Durham GTA
Psychological Development (Psychology B.Sc.) Specialization,Trent University Durham GTA
Psychology – Legal Studies Option,Trent University Durham GTA
Psychology and Business,Trent University Durham GTA
Psychology (BA),Trent University Durham GTA
Psychology (BSc),Trent University Durham GTA
Psychology (Science) and Business,Trent University Durham GTA
Psychology & Sociology,Trent University Durham GTA
Science and Business,Trent University Durham GTA
Social Work (Honours),Trent University Durham GTA
Sociology,Trent University Durham GTA
Sociology – Legal Studies Option,Trent University Durham GTA
Sociology and Business,Trent University Durham GTA
Teacher Education Stream – Arts (Honours),Trent University Durham GTA
Teacher Education Stream – Science (Honours),Trent University Durham GTA
Accounting and Financial Management,University of Waterloo
Architectural Engineering,University of Waterloo
Architecture,University of Waterloo
Biomedical Engineering,University of Waterloo
Biotechnology/CPA,University of Waterloo
Biotechnology/Economics,University of Waterloo
Business Administration (Laurier) and Computer Science (Waterloo) Double Degree,University of Waterloo
Business Administration (Laurier) and Mathematics (Waterloo) Double Degree,University of Waterloo
Chemical Engineering,University of Waterloo
Civil Engineering,University of Waterloo
Computer Engineering,University of Waterloo
Computer Science (regular/co-op),University of Waterloo
Computing and Financial Management,University of Waterloo
Electrical Engineering,University of Waterloo
Environmental Engineering,University of Waterloo
Environmental Science (regular/co-op),University of Waterloo
Environment and Business,University of Waterloo
"Environment, Resources and Sustainability (regular/co-op)",University of Waterloo
Geography and Aviation,University of Waterloo
Geography and Environmental Management (regular/co-op),University of Waterloo
Geological Engineering,University of Waterloo
Geomatics (regular/co-op),University of Waterloo
Global Business and Digital Arts,University of Waterloo
Health Studies (regular/co-op),University of Waterloo
Honours Arts,University of Waterloo
Honours Arts & Business (regular/co-op),University of Waterloo
Honours Science,University of Waterloo
International Development,University of Waterloo
Kinesiology (regular/co-op),University of Waterloo
Knowledge Integration,University of Waterloo
Life Sciences (regular/co-op),University of Waterloo
Management Engineering,University of Waterloo
Mathematics/Business Administration (regular/co-op),University of Waterloo
Mathematics/CPA,University of Waterloo
Mathematics/Financial Analysis and Risk Management (online),University of Waterloo
Mathematics/Financial Analysis and Risk Management (regular/co-op),University of Waterloo
Mathematics (regular/co-op),University of Waterloo
Mechanical Engineering,University of Waterloo
Mechatronics Engineering,University of Waterloo
Nanotechnology Engineering,University of Waterloo
Physical Sciences (regular/co-op),University of Waterloo
Planning,University of Waterloo
Public Health (regular/co-op),University of Waterloo
Recreation & Leisure Studies (regular/co-op),University of Waterloo
Science and Aviation,University of Waterloo
Science and Business (regular/co-op),University of Waterloo
Software Engineering,University of Waterloo
Systems Design Engineering,University of Waterloo
Honours Arts (Renison University College),University of Waterloo – Renison University College
Social Development Studies (Renison University College),University of Waterloo – Renison University College
St. Jerome's: Honours Arts (regular),University of Waterloo – St. Jerome's University
Arts and Humanities,Western University
Engineering,Western University
Fine Arts – Studio,Western University
Foods and Nutrition,Western University
Health Science,Western University
Kinesiology,Western University
Management and Organizational Studies,Western University
Management and Organizational Studies (Commercial Aviation Management) – Flight and Non-Flight (Main campus only),Western University
"Media, Information and Technoculture",Western University
Medical Sciences,Western University
Music Administrative Studies,Western University
Music (BA),Western University
Music (BMus),Western University
Music Performance Diploma (3 years),Western University
Nursing (Western-Fanshawe Collaborative Program) – Fanshawe College Site,Western University
Nursing (Western-Fanshawe Collaborative Program) – Western Site,Western University
Science,Western University
Social Science,Western University
Arts,Western University – Brescia University College
BA Family Studies (Human Ecology),Western University – Brescia University College
BSc Family Studies (Human Ecology),Western University – Brescia University College
BSc Foods and Nutrition,Western University – Brescia University College
Health Sciences,Western University – Brescia University College
Kinesiology,Western University – Brescia University College
Management and Organizational Studies,Western University – Brescia University College
Preliminary Year Co-educational,Western University – Brescia University College
Social Science,Western University – Brescia University College
Arts,Western University – Huron University College
Management and Organizational Studies,Western University – Huron University College
Social Science,Western University – Huron University College
Arts,Western University – King's University College
Childhood and Social Institutions,Western University – King's University College
Finance and Wealth Management,Western University – King's University College
Management and Organizational Studies,Western University – King's University College
Social Justice and Peace Studies,Western University – King's University College
Social Sciences,Western University – King's University College
Business Technology Management (BBTM),Wilfrid Laurier University – Brantford Campus
Community Health (BA),Wilfrid Laurier University – Brantford Campus
Criminology (BA),Wilfrid Laurier University – Brantford Campus
Digital Media & Journalism (BA),Wilfrid Laurier University – Brantford Campus
English (BA),Wilfrid Laurier University – Brantford Campus
Game Design & Development (BFAA),Wilfrid Laurier University – Brantford Campus
Health Administration (BA),Wilfrid Laurier University – Brantford Campus
History (BA),Wilfrid Laurier University – Brantford Campus
Humanities with Leadership Foundations (BA),Wilfrid Laurier University – Brantford Campus
Human Rights & Human Diversity (BA),Wilfrid Laurier University – Brantford Campus
Indigenous Studies (BA in combination),Wilfrid Laurier University – Brantford Campus
"Law Degree (LLB at University of Sussex, UK) and Arts Degree (BA Criminology at Laurier)",Wilfrid Laurier University – Brantford Campus
"Law Degree (LLB at University of Sussex, UK) and Arts Degree (BA Human Rights & Human Diversity or Law & Society at Laurier)",Wilfrid Laurier University – Brantford Campus
Law & Society (BA),Wilfrid Laurier University – Brantford Campus
Policing (BA) (in combination),Wilfrid Laurier University – Brantford Campus
Psychology (BA),Wilfrid Laurier University – Brantford Campus
Public Health (BASc),Wilfrid Laurier University – Brantford Campus
Social & Environmental Justice (BA),Wilfrid Laurier University – Brantford Campus
Social Work (BSW),Wilfrid Laurier University – Brantford Campus
User Experience Design (BDes),Wilfrid Laurier University – Brantford Campus
Youth & Children's Studies (BA),Wilfrid Laurier University – Brantford Campus
Computer Science (BSc),Wilfrid Laurier University – Milton Campus
Environmental Science (BSc),Wilfrid Laurier University – Milton Campus
Applied Water Science (BSc),Wilfrid Laurier University – Waterloo Campus
"Arts, Honours (BA)",Wilfrid Laurier University – Waterloo Campus
Bachelor of Arts & Master of Arts (BA & Masters),Wilfrid Laurier University – Waterloo Campus
Biochemistry/Biotechnology (BSc),Wilfrid Laurier University – Waterloo Campus
Biology and Mathematics (BSc),Wilfrid Laurier University – Waterloo Campus
Biology (BA),Wilfrid Laurier University – Waterloo Campus
Biology (BSc),Wilfrid Laurier University – Waterloo Campus
Business Administration (BBA),Wilfrid Laurier University – Waterloo Campus
Business Administration (BBA) and Computer Science (BSc) (double degree co-op program),Wilfrid Laurier University – Waterloo Campus
Business Administration (BBA) and Financial Mathematics (BA) (double degree co-op program),Wilfrid Laurier University – Waterloo Campus
"Business Administration (BBA, Laurier) and Computer Science (BCS, UW) Double Degree (Co-op only)",Wilfrid Laurier University – Waterloo Campus
"Business Administration (BBA, Laurier) and Mathematics (BMath, UW) (Double Degree Co-op program)",Wilfrid Laurier University – Waterloo Campus
Chemistry and Mathematics (BSc),Wilfrid Laurier University – Waterloo Campus
Chemistry (BSc),Wilfrid Laurier University – Waterloo Campus
Chemistry & Physics (BSc),Wilfrid Laurier University – Waterloo Campus
Christian Studies & Global Citizenship (BA),Wilfrid Laurier University – Waterloo Campus
Communication Studies (BA),Wilfrid Laurier University – Waterloo Campus
Community Music (BMus),Wilfrid Laurier University – Waterloo Campus
Computer Science and Physics (BSc),Wilfrid Laurier University – Waterloo Campus
Computer Science and Psychology (BSc),Wilfrid Laurier University – Waterloo Campus
Computer Science (BA) (in combination),Wilfrid Laurier University – Waterloo Campus
Computer Science (BSc),Wilfrid Laurier University – Waterloo Campus
Data Science (BSc),Wilfrid Laurier University – Waterloo Campus
Economics (BA),Wilfrid Laurier University – Waterloo Campus
Environmental Science (BSc),Wilfrid Laurier University – Waterloo Campus
Financial Mathematics (BA),Wilfrid Laurier University – Waterloo Campus
Financial Mathematics (BSc),Wilfrid Laurier University – Waterloo Campus
Geography; Geography & Geomatics (BSc),Wilfrid Laurier University – Waterloo Campus
Health Sciences (BSc),Wilfrid Laurier University – Waterloo Campus
Honours Science (BSc),Wilfrid Laurier University – Waterloo Campus
International Education Studies (BA),Wilfrid Laurier University – Waterloo Campus
Kinesiology (BKin),Wilfrid Laurier University – Waterloo Campus
"Law Degree (LLB at University of Sussex, UK) and Arts Degree (BA at Laurier)",Wilfrid Laurier University – Waterloo Campus
Mathematics (BA),Wilfrid Laurier University – Waterloo Campus
Mathematics; Computer Science and Mathematics (BSc),Wilfrid Laurier University – Waterloo Campus
Music (BMus),Wilfrid Laurier University – Waterloo Campus
Physics (BSc),Wilfrid Laurier University – Waterloo Campus
Policing (BA) (in combination),Wilfrid Laurier University – Waterloo Campus
Psychology (BA),Wilfrid Laurier University – Waterloo Campus
Psychology (BSc),Wilfrid Laurier University – Waterloo Campus
Acting,University of Windsor
Aeronautics Leadership – Flight,University of Windsor
"Behaviour, Cognition and Neuroscience",University of Windsor
Biochemistry,University of Windsor
Biological Sciences,University of Windsor
Business Administration,University of Windsor
Chemistry,University of Windsor
Civil Engineering,University of Windsor
"Communication, Media and Film",University of Windsor
"Communication, Media and Film (General)/Bachelor of Education",University of Windsor
Computer Science,University of Windsor
Concurrent General BA (Drama)/BEd,University of Windsor
Concurrent General BA (English Language and Literature)/BEd,University of Windsor
Concurrent General BA (French Studies)/BEd,University of Windsor
Concurrent General BA (History)/BEd,University of Windsor
Concurrent General BA (Psychology)/BEd/Diploma in ECE,University of Windsor
Concurrent General BA (Visual Art)/BEd,University of Windsor
Concurrent General BMath/BEd,University of Windsor
Concurrent General BSc (General Science)/BEd,University of Windsor
Concurrent Honours BMus (Music Education)/BEd,University of Windsor
Criminology,University of Windsor
Digital Journalism,University of Windsor
Disability Studies,University of Windsor
Drama,University of Windsor
Economics,University of Windsor
Electrical Engineering,University of Windsor
English,University of Windsor
Environmental Engineering,University of Windsor
Environmental Science/Environmental Studies,University of Windsor
Family and Social Relations,University of Windsor
Forensic Science/Forensics,University of Windsor
French,University of Windsor
General Engineering,University of Windsor
General Science,University of Windsor
Greek and Roman Studies,University of Windsor
History,University of Windsor
Human Kinetics,University of Windsor
Industrial Engineering,University of Windsor
Interdisciplinary Arts and Science,University of Windsor
International Relations & Development Studies,University of Windsor
Liberal Arts and Professional Studies,University of Windsor
Mathematics,University of Windsor
Mechanical Engineering,University of Windsor
Modern Languages,University of Windsor
Music,University of Windsor
Nursing,University of Windsor
Philosophy,University of Windsor
Physics,University of Windsor
Political Science,University of Windsor
Psychology,University of Windsor
Social Work,University of Windsor
Sociology,University of Windsor
Visual Arts,University of Windsor
Women's and Gender Studies,University of Windsor
Actuarial Science (BA),York University
"Anthropology (BA, iBA)",York University
Applied Mathematics (BA),York University
Applied Mathematics (BSc),York University
Art History (BA),York University
Biochemistry (BSc),York University
"Biology (BSc, iBSc)",York University
Biomedical Science (BSc),York University
Biophysics (BSc),York University
Biotechnology (BSc),York University
Business Administration (BBA),York University
Business Economics (BA),York University
Business & Society (BA),York University
Chemistry (BSc),York University
"Children, Childhood & Youth (BA)",York University
Cinema & Media Studies (BA),York University
Classics & Classical Studies (BA),York University
Cognitive Science (BA),York University
Commerce,York University
"Communication Studies (BA, iBA)",York University
Computational Mathematics (BSc),York University
Computer Science (BA),York University
Computer Science (BSc),York University
Computer Science (iBA),York University
Computer Science (iBSc),York University
Computer Security (BA),York University
Computer Security (BSc),York University
"Concurrent Education: Arts, Media, Performance & Design (BEd)",York University
Concurrent Education: Educational Studies,York University
Concurrent Education: Environmental Studies (BEd),York University
Concurrent Education: Health (BEd),York University
Concurrent Education: Lassonde (BEd),York University
Concurrent Education: Liberal Arts & Professional Studies (BEd),York University
Concurrent Education: Science (BEd),York University
Criminology (BA),York University
Culture & Expression (BA),York University
"Cultures & Regions (BA, iBA)",York University
Dance (BFA),York University
Design (BDes),York University
Digital Media (BA) – Lassonde School of Engineering,York University
"Digital Media (BA) – School of the Arts, Media, Performance & Design",York University
Disaster & Emergency Management (BDEM),York University
Earth & Atmospheric Science (BSc),York University
Economics (BA),York University
Ecosystem Management (Joint BES/Advanced Diploma Program with Fleming College),York University
Educational Studies,York University
Engineering (BEng),York University
English (BA),York University
English & Professional Writing (BA),York University
Environmental Biology (BSc),York University
Environmental Management & Technology (BES/Advanced Diploma with Seneca College),York University
Environmental Science (BSc),York University
Environmental Studies (BES),York University
Film Production (BFA),York University
Financial & Business Economics (BA),York University
Gender & Women's Studies (BA),York University
"Geography (BA, iBA)",York University
Geography (BSc),York University
Geography & Urban Studies (BA),York University
Global Health (BA),York University
Global Health (BSc),York University
Global Political Studies (BA),York University
Health & Society (BA),York University
Health Studies (BHS),York University
"History (BA, iBA)",York University
"Honours Integrated Science (BSc, first year only)",York University
"Humanities (BA, iBA)",York University
Human Resources Management (BHRM),York University
Human Rights & Equity Studies (BA),York University
Indigenous Studies (BA),York University
Information Technology (BA),York University
Information Technology (BCom),York University
Interdisciplinary Social Science (BA),York University
Intermedia,York University
International Business Administration (iBBA),York University
International Development (Joint BES/Post-Diploma Certificate program in International Development with Humber College),York University
International Development Studies (BA),York University
Jewish Studies (BA),York University
"Kinesiology & Health Science (BA, BSc)",York University
Languages & Linguistics (BA),York University
Law & Society (BA),York University
Mathematical Biology (BSc),York University
"Mathematics (BA, BSc)",York University
Mathematics for Education (BA),York University
Mathematics for Education (BSc),York University
Media Arts (BFA),York University
"Music (BA, BFA)",York University
Nursing (Collaborative BScN program with Georgian College),York University
Nursing (Collaborative BScN program with Seneca College),York University
Philosophy (BA),York University
Physics & Astronomy (BSc),York University
"Political Science (BA, iBA)",York University
Professional Writing (BA),York University
Psychology (BA),York University
Psychology (BSc),York University
Public Administration (BPA),York University
Religious Studies (BA),York University
Science & Technology Studies (BA),York University
Science & Technology Studies (BSc),York University
Screenwriting (BFA),York University
"Sexuality Studies (BA, iBA)",York University
"Social Work (BSW, Direct Entry)",York University
Sociology (BA),York University
Statistics (BA),York University
Statistics (BSc),York University
Studio Art (BFA),York University
"Theatre (BA, BFA)",York University
"Undecided Major (BSc, first year only)",York University
"Undeclared Major (BA, first year only)",York University
"Urban Studies (BA, iBA)",York University
Urban Sustainability (Joint BES/Advanced Diploma program in Civil Engineering Technology with Seneca College),York University
Work & Labour Studies (BA),York University
Biology (BSc),York University – Glendon Campus
Business Economics,York University – Glendon Campus
Canadian Studies,York University – Glendon Campus
Communications,York University – Glendon Campus
Concurrent Bachelor of Education (English),York University – Glendon Campus
Concurrent Bachelor of Education (French),York University – Glendon Campus
Drama Studies,York University – Glendon Campus
Economics,York University – Glendon Campus
English Studies,York University – Glendon Campus
French Studies,York University – Glendon Campus
Gender & Women's Studies,York University – Glendon Campus
History,York University – Glendon Campus
International BA (iBA Bilingual),York University – Glendon Campus
International BSc (iBSc Bilingual: Psychology or Biology),York University – Glendon Campus
International Studies,York University – Glendon Campus
International Studies & Business Administration (Dual Degree),York University – Glendon Campus
Linguistics and Language Studies,York University – Glendon Campus
Mathematics,York University – Glendon Campus
Philosophy,York University – Glendon Campus
Political Science,York University – Glendon Campus
Psychology (BA),York University – Glendon Campus
Psychology (BSc),York University – Glendon Campus
Sexuality Studies,York University – Glendon Campus
Sociology,York University – Glendon Campus
Spanish (Hispanic Studies),York University – Glendon Campus
Undecided Major (First year only),York University – Glendon Campus